id	competition_id	championship_type
328	ACARO2016	HK
170	AFSwedishCubeOpen2016	SE
326	AlbanianOpen2018	AL
296	Andorra2017	AD
10	AsianChampionship2010	_Asia
11	AsianChampionship2012	_Asia
329	AsianChampionship2012	HK
12	AsianChampionship2014	_Asia
98	AsianChampionship2014	JP
13	AsianChampionship2016	_Asia
37	AsianChampionship2016	greater_china
354	AsianChampionship2018	_Asia
21	AustralianNationals2010	AU
22	AustralianNationals2011	AU
23	AustralianNationals2012	AU
24	AustralianNationals2013	AU
25	AustralianNationals2014	AU
26	AustralianNationals2015	AU
27	AustralianNationals2016	AU
28	AustralianNationals2017	AU
324	BanjaLukaOpen2017	BA
350	BanjaLukaOpen2018	BA
322	BIHOpen2012	BA
29	BoliviaNationals2016	BO
323	BosniaandHerzegovinaOpen2016	BA
30	Brasileiro2013	BR
34	Brasileiro2016	BR
35	Brasileiro2017	BR
341	Brasileiro2018	BR
32	BrasileiroInverno2014	BR
31	BrasileiroVerao2014	BR
136	CampeonatodePortugal2015	PT
214	CampeonatoNacionalPerubik2017	PE
215	CampeonatoSudamericano2013	_South America
265	CanadianOpen2007	CA
264	CanadianOpen2009	CA
263	CanadianOpen2011	CA
262	CanadianOpen2013	CA
261	CanadianOpen2015	CA
260	CanadianOpen2017	CA
36	ChinaChampionship2015	greater_china
38	ChinaChampionship2017	greater_china
313	CroatianOpen2011	HR
314	CroatianOpen2014	HR
315	CroatianOpen2015	HR
316	CroatianOpen2016	HR
317	CroatianOpen2017	HR
211	CubingUSANationals2017	US
289	CubingUSANationals2018	US
242	DanishOpen2008	DK
243	DanishOpen2009	DK
244	DanishOpen2010	DK
245	DanishOpen2011	DK
246	DanishOpen2012	DK
247	DanishOpen2013	DK
248	DanishOpen2016	DK
249	DanishOpen2017	DK
106	DutchNationals2010	NL
107	DutchNationals2011	NL
108	DutchNationals2014	NL
109	DutchNationals2015	NL
110	DutchNationals2016	NL
111	DutchNationals2017	NL
337	EcuadorNationals2018	EC
218	EstonianOpen2009	EE
219	EstonianOpen2010	EE
220	EstonianOpen2011	EE
221	EstonianOpen2012	EE
222	EstonianOpen2013	EE
223	EstonianOpen2014	EE
224	EstonianOpen2015	EE
225	EstonianOpen2016	EE
226	EstonianOpen2017	EE
14	Euro2004	_Europe
15	Euro2006	_Europe
16	Euro2008	_Europe
17	Euro2010	_Europe
18	Euro2012	_Europe
19	Euro2014	_Europe
20	Euro2016	_Europe
293	Euro2018	_Europe
39	FinnishChampionship2014	FI
40	FinnishChampionship2015	FI
41	FinnishChampionship2016	FI
273	FinnishChampionship2017	FI
353	FinnishChampionship2018	FI
266	FinnishOpen2007	FI
267	FinnishOpen2008	FI
268	FinnishOpen2009	FI
269	FinnishOpen2010	FI
270	FinnishOpen2011	FI
271	FinnishOpen2012	FI
272	FinnishOpen2013	FI
42	France2004	FR
43	France2005	FR
44	France2006	FR
45	France2007	FR
46	France2008	FR
47	France2009	FR
48	France2010	FR
49	France2011	FR
50	France2012	FR
51	France2013	FR
53	France2015	FR
54	France2016	FR
55	France2017	FR
291	France2018	FR
52	FrenchChampionship2014	FR
62	GermanNationals2011	DE
63	GermanNationals2012	DE
64	GermanNationals2013	DE
65	GermanNationals2014	DE
66	GermanNationals2015	DE
67	GermanNationals2016	DE
68	GermanNationals2017	DE
340	GermanNationals2018	DE
56	Germany2005	DE
57	Germany2006	DE
58	Germany2007	DE
59	Germany2008	DE
60	Germany2009	DE
61	Germany2010	DE
332	HongKongOpen2008	HK
331	HongKongOpen2009	HK
330	HongKongOpen2010	HK
298	HungarianOpen2008	HU
299	HungarianOpen2009	HU
300	HungarianOpen2010	HU
301	HungarianOpen2011	HU
302	HungarianOpen2012	HU
303	HungarianOpen2013	HU
304	HungarianOpen2014	HU
305	HungarianOpen2015	HU
306	HungarianOpen2016	HU
307	HungarianOpen2017	HU
69	Hungary2005	HU
339	IcelandNationals2018	IS
72	IndianNationals2014	IN
73	IndianNationals2015	IN
74	IndianNationals2016	IN
75	IndianNationals2017	IN
352	IndianNationals2018	IN
76	IndonesianChampionship2010	ID
77	IndonesianChampionship2012	ID
78	IndonesianChampionship2016	ID
79	IndonesianChampionship2017	ID
231	IndonesianOpen2009	ID
232	IndonesianOpen2011	ID
80	IrishChampionship2015	IE
81	IrishChampionship2016	IE
82	IrishChampionship2017	IE
345	IrishChampionship2018	IE
83	ItalianChampionship2010	IT
84	ItalianChampionship2011	IT
85	ItalianChampionship2012	IT
86	ItalianChampionship2013	IT
87	ItalianChampionship2014	IT
88	ItalianChampionship2015	IT
89	ItalianChampionship2016	IT
90	ItalianChampionship2017	IT
236	ItalianOpen2007	IT
237	ItalianOpen2008	IT
238	ItalianOpen2009	IT
281	Japan2005	JP
282	Japan2006	JP
91	JapanOpen2007	JP
92	JapanOpen2008	JP
93	JapanOpen2009	JP
94	JapanOpen2010	JP
95	JapanOpen2011	JP
96	JapanOpen2012	JP
97	JapanOpen2013	JP
99	JapanOpen2015	JP
100	JapanOpen2016	JP
280	JapanOpen2017	JP
279	KazakhstanOpen2017	KZ
137	Korea2006	KR
217	Korea2009	KR
216	Korea2010	KR
138	KoreanChampionship2011	KR
139	KoreanChampionship2016	KR
140	KoreanChampionship2017	KR
287	MalaysianCubeChampionship2017	MY
325	MontenegroOpen2017	ME
284	NacionalesGuatemala2018	GT
276	NacionalesUruguayasUCHI2017	UY
310	NacionalesUruguayasUCHI2018	UY
212	NacionalPerubik2013	PE
213	NacionalPerubik2016	PE
295	NepalOpen2016	NP
294	NepalOpen2017	NP
101	Netherlands2005	NL
102	Netherlands2006	NL
103	Netherlands2007	NL
104	Netherlands2008	NL
105	Netherlands2009	NL
113	NewZealand2010	NZ
112	NewZealandChamps2009	NZ
114	NewZealandNationals2012	NZ
115	NewZealandNationals2013	NZ
116	NewZealandNationals2014	NZ
117	NewZealandNationals2015	NZ
118	NewZealandNationals2016	NZ
338	NewZealandNationals2017	NZ
120	Norway2013	NO
119	NorwegianChampionship2012	NO
121	NorwegianChampionship2014	NO
122	NorwegianChampionship2015	NO
123	NorwegianChampionship2016	NO
124	NorwegianChampionship2017	NO
297	NorwegianChampionship2018	NO
227	NorwegianOpen2008	NO
228	NorwegianOpen2009	NO
229	NorwegianOpen2010	NO
230	NorwegianOpen2011	NO
125	Paraguay2016	PY
347	Paraguay2017	PY
126	PhilippineChampionship2016	PH
127	PhilippineChampionship2017	PH
254	PhilippineOpen2011	PH
255	PhilippineOpen2013	PH
256	PhilippineOpen2014	PH
257	PhilippineOpen2015	PH
250	PhilippinesOpen2007	PH
251	PhilippinesOpen2008	PH
252	PhilippinesOpen2009	PH
253	PhilippinesOpen2010	PH
128	Poland2009	PL
134	PolishChampionship2015	PL
135	PolishChampionship2016	PL
129	PolishNationals2010	PL
130	PolishNationals2011	PL
131	PolishNationals2012	PL
132	PolishNationals2013	PL
133	PolishNationals2014	PL
277	PolishNationals2017	PL
239	PortugalOpen2008	PT
240	PortugalOpen2009	PT
241	PortugalOpen2014	PT
259	RomanianNationals2010	RO
258	RomanianNationals2012	RO
234	RussiaOpen2010	RU
235	RussiaOpen2011	RU
312	SanMarinoNationals2018	SM
318	SerbianOpen2012	RS
319	SerbianOpen2013	RS
320	SerbianOpen2015	RS
321	SerbianOpen2016	RS
292	SingaporeChampionship2018	SG
141	SingaporeOpen2014	SG
142	SingaporeOpen2015	SG
143	SingaporeOpen2016	SG
144	SingaporeOpen2017	SG
333	SlovakianOpen2014	SK
334	SlovakianOpen2015	SK
335	SlovakianOpen2016	SK
336	SlovakianOpen2017	SK
342	SloveniaNationals2018	SI
145	Spain2004	ES
146	Spain2005	ES
147	Spain2006	ES
148	Spain2007	ES
149	Spain2008	ES
150	SpanishChampionship2009	ES
151	SpanishChampionship2010	ES
152	SpanishChampionship2011	ES
153	SpanishChampionship2012	ES
155	SpanishChampionship2014	ES
156	SpanishChampionship2015	ES
157	SpanishChampionship2016	ES
158	SpanishChampionship2017	ES
154	SpanishChampionships2013	ES
165	SwedishChampionship2011	SE
166	SwedishChampionship2012	SE
167	SwedishChampionship2013	SE
168	SwedishChampionship2014	SE
169	SwedishChampionship2015	SE
171	SwedishChampionship2017	SE
351	SwedishChampionship2018	SE
159	SwedishOpen2005	SE
160	SwedishOpen2006	SE
161	SwedishOpen2007	SE
162	SwedishOpen2008	SE
163	SwedishOpen2009	SE
164	SwedishOpen2010	SE
172	SwissNationals2015	CH
173	SwissNationals2016	CH
174	SwissNationals2017	CH
175	Taiwan2006	TW
176	Taiwan2007	TW
177	TaiwanChampionship2016	TW
283	TaiwanChampionship2017	TW
181	Thailand2012	TH
182	ThailandChampionship2013	TH
183	ThailandChampionship2014	TH
184	ThailandChampionship2015	TH
185	ThailandChampionship2016	TH
186	ThailandChampionship2017	TH
178	ThailandOpen2009	TH
179	ThailandOpen2010	TH
180	ThailandOpen2011	TH
274	UchiFlorida2015	UY
275	UchiMontevideo2016	UY
194	UKChampionship2013	GB
195	UKChampionship2014	GB
196	UKChampionship2015	GB
197	UKChampionship2016	GB
198	UKChampionship2017	GB
187	UKOpen2006	GB
188	UKOpen2007	GB
189	UKOpen2008	GB
190	UKOpen2009	GB
191	UKOpen2010	GB
192	UKOpen2011	GB
193	UKOpen2012	GB
199	US2004	US
200	US2006	US
203	USNationals2009	US
204	USNationals2010	US
205	USNationals2011	US
206	USNationals2012	US
208	USNationals2014	US
209	USNationals2015	US
210	USNationals2016	US
201	USOpen2007	US
202	USOpen2008	US
278	UzbekistanOpen2017	UZ
1	WC1982	world
2	WC2003	world
3	WC2005	world
233	WC2007	HU
4	WC2007	world
5	WC2009	world
6	WC2011	world
207	WC2013	US
7	WC2013	world
33	WC2015	BR
8	WC2015	world
9	WC2017	world
