index,date,competitionId,roundTypeId,attempt,value
0,2010-06-12,CologneOpen2010,1,1,20.22
1,2010-06-12,CologneOpen2010,1,2,22.77
2,2010-06-12,CologneOpen2010,1,3,12.780000000000001
3,2010-06-12,CologneOpen2010,1,4,14.47
4,2010-06-12,CologneOpen2010,1,5,20.8
5,2010-06-12,CologneOpen2010,2,1,20.650000000000002
6,2010-06-12,CologneOpen2010,2,2,15.91
7,2010-06-12,CologneOpen2010,2,3,17.68
8,2010-06-12,CologneOpen2010,2,4,18.59
9,2010-06-12,CologneOpen2010,2,5,17.66
10,2010-08-14,EastGermanOpen2010,1,1,17.43
11,2010-08-14,EastGermanOpen2010,1,2,17.38
12,2010-08-14,EastGermanOpen2010,1,3,15.38
13,2010-08-14,EastGermanOpen2010,1,4,13.31
14,2010-08-14,EastGermanOpen2010,1,5,15.11
15,2010-08-14,EastGermanOpen2010,2,1,18.400000000000002
16,2010-08-14,EastGermanOpen2010,2,2,18.06
17,2010-08-14,EastGermanOpen2010,2,3,17.16
18,2010-08-14,EastGermanOpen2010,2,4,14.71
19,2010-08-14,EastGermanOpen2010,2,5,14.38
20,2010-09-11,Germany2010,1,1,15.93
21,2010-09-11,Germany2010,1,2,17.8
22,2010-09-11,Germany2010,1,3,16.27
23,2010-09-11,Germany2010,1,4,15.0
24,2010-09-11,Germany2010,1,5,14.84
25,2010-09-11,Germany2010,2,1,13.780000000000001
26,2010-09-11,Germany2010,2,2,12.63
27,2010-09-11,Germany2010,2,3,14.33
28,2010-09-11,Germany2010,2,4,14.55
29,2010-09-11,Germany2010,2,5,14.22
30,2010-10-09,MunichOpen2010,1,1,14.84
31,2010-10-09,MunichOpen2010,1,2,11.02
32,2010-10-09,MunichOpen2010,1,3,13.11
33,2010-10-09,MunichOpen2010,1,4,16.27
34,2010-10-09,MunichOpen2010,1,5,11.33
35,2010-10-09,MunichOpen2010,2,1,12.56
36,2010-10-09,MunichOpen2010,2,2,13.05
37,2010-10-09,MunichOpen2010,2,3,15.18
38,2010-10-09,MunichOpen2010,2,4,13.9
39,2010-10-09,MunichOpen2010,2,5,14.21
40,2010-10-09,MunichOpen2010,f,1,12.25
41,2010-10-09,MunichOpen2010,f,2,15.030000000000001
42,2010-10-09,MunichOpen2010,f,3,12.5
43,2010-10-09,MunichOpen2010,f,4,12.52
44,2010-10-09,MunichOpen2010,f,5,14.21
45,2011-01-14,AachenOpen2011,1,1,11.33
46,2011-01-14,AachenOpen2011,1,2,14.83
47,2011-01-14,AachenOpen2011,1,3,11.15
48,2011-01-14,AachenOpen2011,1,4,14.83
49,2011-01-14,AachenOpen2011,1,5,12.18
50,2011-01-14,AachenOpen2011,2,1,11.96
51,2011-01-14,AachenOpen2011,2,2,10.97
52,2011-01-14,AachenOpen2011,2,3,10.88
53,2011-01-14,AachenOpen2011,2,4,10.0
54,2011-01-14,AachenOpen2011,2,5,10.63
55,2011-01-14,AachenOpen2011,3,1,12.65
56,2011-01-14,AachenOpen2011,3,2,11.69
57,2011-01-14,AachenOpen2011,3,3,12.97
58,2011-01-14,AachenOpen2011,3,4,16.02
59,2011-01-14,AachenOpen2011,3,5,11.56
60,2011-01-14,AachenOpen2011,f,1,10.72
61,2011-01-14,AachenOpen2011,f,2,11.96
62,2011-01-14,AachenOpen2011,f,3,12.52
63,2011-01-14,AachenOpen2011,f,4,9.97
64,2011-01-14,AachenOpen2011,f,5,12.61
65,2011-04-09,GermanOpen2011,1,1,8.93
66,2011-04-09,GermanOpen2011,1,2,9.97
67,2011-04-09,GermanOpen2011,1,3,9.4
68,2011-04-09,GermanOpen2011,1,4,13.030000000000001
69,2011-04-09,GermanOpen2011,1,5,12.84
70,2011-04-09,GermanOpen2011,2,1,14.86
71,2011-04-09,GermanOpen2011,2,2,14.86
72,2011-04-09,GermanOpen2011,2,3,9.38
73,2011-04-09,GermanOpen2011,2,4,10.3
74,2011-04-09,GermanOpen2011,2,5,11.93
75,2011-04-09,GermanOpen2011,f,1,11.34
76,2011-04-09,GermanOpen2011,f,2,12.09
77,2011-04-09,GermanOpen2011,f,3,12.61
78,2011-04-09,GermanOpen2011,f,4,12.55
79,2011-04-09,GermanOpen2011,f,5,13.05
80,2011-04-30,HamburgOpen2011,1,1,11.97
81,2011-04-30,HamburgOpen2011,1,2,8.43
82,2011-04-30,HamburgOpen2011,1,3,10.0
83,2011-04-30,HamburgOpen2011,1,4,19.93
84,2011-04-30,HamburgOpen2011,1,5,8.86
85,2011-04-30,HamburgOpen2011,2,1,9.31
86,2011-04-30,HamburgOpen2011,2,2,11.18
87,2011-04-30,HamburgOpen2011,2,3,11.22
88,2011-04-30,HamburgOpen2011,2,4,8.31
89,2011-04-30,HamburgOpen2011,2,5,15.41
90,2011-04-30,HamburgOpen2011,f,1,10.19
91,2011-04-30,HamburgOpen2011,f,2,9.43
92,2011-04-30,HamburgOpen2011,f,3,10.53
93,2011-04-30,HamburgOpen2011,f,4,13.34
94,2011-04-30,HamburgOpen2011,f,5,11.21
95,2011-05-28,GHSIngenhovenparkOpen2011,1,1,10.59
96,2011-05-28,GHSIngenhovenparkOpen2011,1,2,11.81
97,2011-05-28,GHSIngenhovenparkOpen2011,1,3,10.36
98,2011-05-28,GHSIngenhovenparkOpen2011,1,4,9.58
99,2011-05-28,GHSIngenhovenparkOpen2011,1,5,11.86
100,2011-05-28,GHSIngenhovenparkOpen2011,f,1,8.31
101,2011-05-28,GHSIngenhovenparkOpen2011,f,2,12.94
102,2011-05-28,GHSIngenhovenparkOpen2011,f,3,11.33
103,2011-05-28,GHSIngenhovenparkOpen2011,f,4,12.31
104,2011-05-28,GHSIngenhovenparkOpen2011,f,5,12.94
105,2011-06-10,AlaniaOpen2011,1,1,9.38
106,2011-06-10,AlaniaOpen2011,1,2,12.94
107,2011-06-10,AlaniaOpen2011,1,3,13.91
108,2011-06-10,AlaniaOpen2011,1,4,14.47
109,2011-06-10,AlaniaOpen2011,1,5,11.09
110,2011-06-10,AlaniaOpen2011,2,1,13.46
111,2011-06-10,AlaniaOpen2011,2,2,9.86
112,2011-06-10,AlaniaOpen2011,2,3,10.84
113,2011-06-10,AlaniaOpen2011,2,4,10.4
114,2011-06-10,AlaniaOpen2011,2,5,11.31
115,2011-06-10,AlaniaOpen2011,f,1,11.02
116,2011-06-10,AlaniaOpen2011,f,2,11.18
117,2011-06-10,AlaniaOpen2011,f,3,13.18
118,2011-06-10,AlaniaOpen2011,f,4,10.31
119,2011-06-10,AlaniaOpen2011,f,5,10.56
120,2011-08-13,DusseldorfOpen2011,1,1,13.38
121,2011-08-13,DusseldorfOpen2011,1,2,11.94
122,2011-08-13,DusseldorfOpen2011,1,3,11.58
123,2011-08-13,DusseldorfOpen2011,1,4,10.34
124,2011-08-13,DusseldorfOpen2011,1,5,11.46
125,2011-08-13,DusseldorfOpen2011,2,1,8.93
126,2011-08-13,DusseldorfOpen2011,2,2,10.28
127,2011-08-13,DusseldorfOpen2011,2,3,12.0
128,2011-08-13,DusseldorfOpen2011,2,4,9.55
129,2011-08-13,DusseldorfOpen2011,2,5,11.02
130,2011-08-13,DusseldorfOpen2011,f,1,9.5
131,2011-08-13,DusseldorfOpen2011,f,2,10.36
132,2011-08-13,DusseldorfOpen2011,f,3,8.71
133,2011-08-13,DusseldorfOpen2011,f,4,14.58
134,2011-08-13,DusseldorfOpen2011,f,5,15.09
135,2011-10-22,VCubeSpiel2011,1,1,9.38
136,2011-10-22,VCubeSpiel2011,1,2,7.8
137,2011-10-22,VCubeSpiel2011,1,3,16.15
138,2011-10-22,VCubeSpiel2011,1,4,10.72
139,2011-10-22,VCubeSpiel2011,1,5,10.75
140,2011-10-22,VCubeSpiel2011,f,1,13.52
141,2011-10-22,VCubeSpiel2011,f,2,9.41
142,2011-10-22,VCubeSpiel2011,f,3,12.61
143,2011-10-22,VCubeSpiel2011,f,4,12.31
144,2011-10-22,VCubeSpiel2011,f,5,10.4
145,2011-12-10,GermanNationals2011,1,1,11.77
146,2011-12-10,GermanNationals2011,1,2,10.33
147,2011-12-10,GermanNationals2011,1,3,10.66
148,2011-12-10,GermanNationals2011,1,4,10.15
149,2011-12-10,GermanNationals2011,1,5,11.15
150,2011-12-10,GermanNationals2011,2,1,10.27
151,2011-12-10,GermanNationals2011,2,2,10.53
152,2011-12-10,GermanNationals2011,2,3,11.75
153,2011-12-10,GermanNationals2011,2,4,12.16
154,2011-12-10,GermanNationals2011,2,5,11.61
155,2011-12-10,GermanNationals2011,f,1,10.8
156,2011-12-10,GermanNationals2011,f,2,10.61
157,2011-12-10,GermanNationals2011,f,3,8.77
158,2011-12-10,GermanNationals2011,f,4,10.4
159,2011-12-10,GermanNationals2011,f,5,9.11
160,2012-02-04,HessenOpen2012,1,1,17.18
161,2012-02-04,HessenOpen2012,1,2,10.61
162,2012-02-04,HessenOpen2012,1,3,10.88
163,2012-02-04,HessenOpen2012,1,4,10.05
164,2012-02-04,HessenOpen2012,1,5,10.83
165,2012-02-04,HessenOpen2012,2,1,7.94
166,2012-02-04,HessenOpen2012,2,2,9.46
167,2012-02-04,HessenOpen2012,2,3,19.41
168,2012-02-04,HessenOpen2012,2,4,9.72
169,2012-02-04,HessenOpen2012,2,5,12.55
170,2012-02-04,HessenOpen2012,f,1,12.68
171,2012-02-04,HessenOpen2012,f,2,9.34
172,2012-02-04,HessenOpen2012,f,3,10.43
173,2012-02-04,HessenOpen2012,f,4,11.22
174,2012-02-04,HessenOpen2012,f,5,12.56
175,2012-03-03,TwenteOpen2012,1,1,13.27
176,2012-03-03,TwenteOpen2012,1,2,10.46
177,2012-03-03,TwenteOpen2012,1,3,8.53
178,2012-03-03,TwenteOpen2012,1,4,11.84
179,2012-03-03,TwenteOpen2012,1,5,10.31
180,2012-03-03,TwenteOpen2012,2,1,11.44
181,2012-03-03,TwenteOpen2012,2,2,11.4
182,2012-03-03,TwenteOpen2012,2,3,12.6
183,2012-03-03,TwenteOpen2012,2,4,12.33
184,2012-03-03,TwenteOpen2012,2,5,11.66
185,2012-03-03,TwenteOpen2012,f,1,13.68
186,2012-03-03,TwenteOpen2012,f,2,10.58
187,2012-03-03,TwenteOpen2012,f,3,11.83
188,2012-03-03,TwenteOpen2012,f,4,9.3
189,2012-03-03,TwenteOpen2012,f,5,11.47
190,2012-04-14,GermanOpen2012,1,1,13.83
191,2012-04-14,GermanOpen2012,1,2,10.68
192,2012-04-14,GermanOpen2012,1,3,9.47
193,2012-04-14,GermanOpen2012,1,4,12.38
194,2012-04-14,GermanOpen2012,1,5,12.46
195,2012-04-14,GermanOpen2012,2,1,14.59
196,2012-04-14,GermanOpen2012,2,2,14.75
197,2012-04-14,GermanOpen2012,2,3,9.34
198,2012-04-14,GermanOpen2012,2,4,8.9
199,2012-04-14,GermanOpen2012,2,5,12.65
200,2012-04-14,GermanOpen2012,f,1,12.3
201,2012-04-14,GermanOpen2012,f,2,11.21
202,2012-04-14,GermanOpen2012,f,3,12.66
203,2012-04-14,GermanOpen2012,f,4,10.72
204,2012-04-14,GermanOpen2012,f,5,13.5
205,2012-06-23,AachenSummer2012,1,1,8.63
206,2012-06-23,AachenSummer2012,1,2,10.58
207,2012-06-23,AachenSummer2012,1,3,12.75
208,2012-06-23,AachenSummer2012,1,4,9.97
209,2012-06-23,AachenSummer2012,1,5,12.06
210,2012-06-23,AachenSummer2012,2,1,11.88
211,2012-06-23,AachenSummer2012,2,2,12.21
212,2012-06-23,AachenSummer2012,2,3,10.83
213,2012-06-23,AachenSummer2012,2,4,11.65
214,2012-06-23,AachenSummer2012,2,5,8.19
215,2012-06-23,AachenSummer2012,f,1,13.05
216,2012-06-23,AachenSummer2012,f,2,11.25
217,2012-06-23,AachenSummer2012,f,3,11.46
218,2012-06-23,AachenSummer2012,f,4,16.28
219,2012-06-23,AachenSummer2012,f,5,16.28
220,2012-11-03,GermanNationals2012,1,1,11.41
221,2012-11-03,GermanNationals2012,1,2,11.33
222,2012-11-03,GermanNationals2012,1,3,10.84
223,2012-11-03,GermanNationals2012,1,4,10.03
224,2012-11-03,GermanNationals2012,1,5,10.44
225,2012-11-03,GermanNationals2012,2,1,9.11
226,2012-11-03,GermanNationals2012,2,2,12.75
227,2012-11-03,GermanNationals2012,2,3,11.25
228,2012-11-03,GermanNationals2012,2,4,7.53
229,2012-11-03,GermanNationals2012,2,5,11.19
230,2012-11-03,GermanNationals2012,f,1,8.66
231,2012-11-03,GermanNationals2012,f,2,10.94
232,2012-11-03,GermanNationals2012,f,3,9.16
233,2012-11-03,GermanNationals2012,f,4,11.0
234,2012-11-03,GermanNationals2012,f,5,8.44
235,2012-12-08,FrankfurtOpen2012,1,1,9.38
236,2012-12-08,FrankfurtOpen2012,1,2,9.55
237,2012-12-08,FrankfurtOpen2012,1,3,9.96
238,2012-12-08,FrankfurtOpen2012,1,4,9.56
239,2012-12-08,FrankfurtOpen2012,1,5,8.9
240,2012-12-08,FrankfurtOpen2012,2,1,9.25
241,2012-12-08,FrankfurtOpen2012,2,2,10.53
242,2012-12-08,FrankfurtOpen2012,2,3,9.86
243,2012-12-08,FrankfurtOpen2012,2,4,9.86
244,2012-12-08,FrankfurtOpen2012,2,5,10.69
245,2012-12-08,FrankfurtOpen2012,f,1,9.41
246,2012-12-08,FrankfurtOpen2012,f,2,9.55
247,2012-12-08,FrankfurtOpen2012,f,3,9.41
248,2012-12-08,FrankfurtOpen2012,f,4,9.88
249,2012-12-08,FrankfurtOpen2012,f,5,10.81
250,2013-02-16,VelbertOpen2013,1,1,9.94
251,2013-02-16,VelbertOpen2013,1,2,9.25
252,2013-02-16,VelbertOpen2013,1,3,12.38
253,2013-02-16,VelbertOpen2013,1,4,9.69
254,2013-02-16,VelbertOpen2013,1,5,11.02
255,2013-02-16,VelbertOpen2013,2,1,10.0
256,2013-02-16,VelbertOpen2013,2,2,9.91
257,2013-02-16,VelbertOpen2013,2,3,7.5600000000000005
258,2013-02-16,VelbertOpen2013,2,4,10.25
259,2013-02-16,VelbertOpen2013,2,5,7.41
260,2013-02-16,VelbertOpen2013,f,1,8.68
261,2013-02-16,VelbertOpen2013,f,2,10.3
262,2013-02-16,VelbertOpen2013,f,3,8.46
263,2013-02-16,VelbertOpen2013,f,4,8.72
264,2013-02-16,VelbertOpen2013,f,5,10.68
265,2013-07-26,WC2013,1,1,8.27
266,2013-07-26,WC2013,1,2,9.44
267,2013-07-26,WC2013,1,3,8.02
268,2013-07-26,WC2013,1,4,11.74
269,2013-07-26,WC2013,1,5,9.16
270,2013-07-26,WC2013,2,1,8.92
271,2013-07-26,WC2013,2,2,9.200000000000001
272,2013-07-26,WC2013,2,3,9.65
273,2013-07-26,WC2013,2,4,8.31
274,2013-07-26,WC2013,2,5,10.33
275,2013-07-26,WC2013,3,1,9.46
276,2013-07-26,WC2013,3,2,8.43
277,2013-07-26,WC2013,3,3,8.75
278,2013-07-26,WC2013,3,4,12.06
279,2013-07-26,WC2013,3,5,8.42
280,2013-07-26,WC2013,f,1,9.48
281,2013-07-26,WC2013,f,2,9.31
282,2013-07-26,WC2013,f,3,9.76
283,2013-07-26,WC2013,f,4,8.3
284,2013-07-26,WC2013,f,5,10.27
285,2013-10-26,VCubeSpiel2013,1,1,7.8100000000000005
286,2013-10-26,VCubeSpiel2013,1,2,8.120000000000001
287,2013-10-26,VCubeSpiel2013,1,3,9.16
288,2013-10-26,VCubeSpiel2013,1,4,10.76
289,2013-10-26,VCubeSpiel2013,1,5,9.32
290,2013-10-26,VCubeSpiel2013,2,1,8.03
291,2013-10-26,VCubeSpiel2013,2,2,8.03
292,2013-10-26,VCubeSpiel2013,2,3,9.18
293,2013-10-26,VCubeSpiel2013,2,4,8.64
294,2013-10-26,VCubeSpiel2013,2,5,9.44
295,2013-10-26,VCubeSpiel2013,f,1,8.69
296,2013-10-26,VCubeSpiel2013,f,2,7.33
297,2013-10-26,VCubeSpiel2013,f,3,8.46
298,2013-10-26,VCubeSpiel2013,f,4,8.23
299,2013-10-26,VCubeSpiel2013,f,5,9.03
300,2013-11-23,GermanNationals2013,1,1,9.52
301,2013-11-23,GermanNationals2013,1,2,7.88
302,2013-11-23,GermanNationals2013,1,3,8.96
303,2013-11-23,GermanNationals2013,1,4,8.44
304,2013-11-23,GermanNationals2013,1,5,8.33
305,2013-11-23,GermanNationals2013,2,1,9.78
306,2013-11-23,GermanNationals2013,2,2,8.97
307,2013-11-23,GermanNationals2013,2,3,8.8
308,2013-11-23,GermanNationals2013,2,4,8.25
309,2013-11-23,GermanNationals2013,2,5,9.41
310,2013-11-23,GermanNationals2013,f,1,8.33
311,2013-11-23,GermanNationals2013,f,2,9.5
312,2013-11-23,GermanNationals2013,f,3,8.58
313,2013-11-23,GermanNationals2013,f,4,10.55
314,2013-11-23,GermanNationals2013,f,5,8.9
315,2014-01-03,DuisburgWinter2014,1,1,9.66
316,2014-01-03,DuisburgWinter2014,1,2,10.17
317,2014-01-03,DuisburgWinter2014,1,3,9.48
318,2014-01-03,DuisburgWinter2014,1,4,7.79
319,2014-01-03,DuisburgWinter2014,1,5,7.9
320,2014-01-03,DuisburgWinter2014,2,1,8.91
321,2014-01-03,DuisburgWinter2014,2,2,9.73
322,2014-01-03,DuisburgWinter2014,2,3,7.29
323,2014-01-03,DuisburgWinter2014,2,4,10.01
324,2014-01-03,DuisburgWinter2014,2,5,7.5
325,2014-01-03,DuisburgWinter2014,f,1,9.33
326,2014-01-03,DuisburgWinter2014,f,2,9.6
327,2014-01-03,DuisburgWinter2014,f,3,9.4
328,2014-01-03,DuisburgWinter2014,f,4,8.11
329,2014-01-03,DuisburgWinter2014,f,5,9.16
330,2014-01-18,FrankfurtCubeDays2014,1,1,9.4
331,2014-01-18,FrankfurtCubeDays2014,1,2,10.21
332,2014-01-18,FrankfurtCubeDays2014,1,3,8.15
333,2014-01-18,FrankfurtCubeDays2014,1,4,8.36
334,2014-01-18,FrankfurtCubeDays2014,1,5,9.870000000000001
335,2014-01-18,FrankfurtCubeDays2014,2,1,12.1
336,2014-01-18,FrankfurtCubeDays2014,2,2,7.9
337,2014-01-18,FrankfurtCubeDays2014,2,3,9.870000000000001
338,2014-01-18,FrankfurtCubeDays2014,2,4,7.92
339,2014-01-18,FrankfurtCubeDays2014,2,5,7.03
340,2014-01-18,FrankfurtCubeDays2014,f,1,8.36
341,2014-01-18,FrankfurtCubeDays2014,f,2,11.13
342,2014-01-18,FrankfurtCubeDays2014,f,3,8.84
343,2014-01-18,FrankfurtCubeDays2014,f,4,7.69
344,2014-01-18,FrankfurtCubeDays2014,f,5,9.61
345,2014-04-18,VelbertEasterOpen2014,1,1,9.69
346,2014-04-18,VelbertEasterOpen2014,1,2,7.71
347,2014-04-18,VelbertEasterOpen2014,1,3,7.83
348,2014-04-18,VelbertEasterOpen2014,1,4,7.69
349,2014-04-18,VelbertEasterOpen2014,1,5,9.69
350,2014-04-18,VelbertEasterOpen2014,2,1,8.68
351,2014-04-18,VelbertEasterOpen2014,2,2,9.4
352,2014-04-18,VelbertEasterOpen2014,2,3,8.28
353,2014-04-18,VelbertEasterOpen2014,2,4,7.71
354,2014-04-18,VelbertEasterOpen2014,2,5,7.97
355,2014-04-18,VelbertEasterOpen2014,f,1,9.59
356,2014-04-18,VelbertEasterOpen2014,f,2,8.13
357,2014-04-18,VelbertEasterOpen2014,f,3,8.78
358,2014-04-18,VelbertEasterOpen2014,f,4,8.86
359,2014-04-18,VelbertEasterOpen2014,f,5,9.75
360,2014-08-08,Euro2014,1,1,7.96
361,2014-08-08,Euro2014,1,2,7.46
362,2014-08-08,Euro2014,1,3,9.17
363,2014-08-08,Euro2014,1,4,10.040000000000001
364,2014-08-08,Euro2014,1,5,7.23
365,2014-08-08,Euro2014,2,1,9.72
366,2014-08-08,Euro2014,2,2,7.98
367,2014-08-08,Euro2014,2,3,10.06
368,2014-08-08,Euro2014,2,4,8.790000000000001
369,2014-08-08,Euro2014,2,5,6.640000000000001
370,2014-08-08,Euro2014,3,1,7.83
371,2014-08-08,Euro2014,3,2,10.51
372,2014-08-08,Euro2014,3,3,7.28
373,2014-08-08,Euro2014,3,4,7.24
374,2014-08-08,Euro2014,3,5,8.36
375,2014-08-08,Euro2014,f,1,8.21
376,2014-08-08,Euro2014,f,2,9.21
377,2014-08-08,Euro2014,f,3,10.34
378,2014-08-08,Euro2014,f,4,7.0600000000000005
379,2014-08-08,Euro2014,f,5,7.3500000000000005
380,2014-09-06,GermanNationals2014,1,1,8.19
381,2014-09-06,GermanNationals2014,1,2,9.9
382,2014-09-06,GermanNationals2014,1,3,10.21
383,2014-09-06,GermanNationals2014,1,4,8.71
384,2014-09-06,GermanNationals2014,1,5,8.9
385,2014-09-06,GermanNationals2014,2,1,8.77
386,2014-09-06,GermanNationals2014,2,2,9.06
387,2014-09-06,GermanNationals2014,2,3,8.69
388,2014-09-06,GermanNationals2014,2,4,8.69
389,2014-09-06,GermanNationals2014,2,5,9.53
390,2014-09-06,GermanNationals2014,f,1,7.13
391,2014-09-06,GermanNationals2014,f,2,8.16
392,2014-09-06,GermanNationals2014,f,3,11.13
393,2014-09-06,GermanNationals2014,f,4,8.34
394,2014-09-06,GermanNationals2014,f,5,8.41
395,2014-10-04,SebraOpen2014,1,1,8.22
396,2014-10-04,SebraOpen2014,1,2,7.9
397,2014-10-04,SebraOpen2014,1,3,8.44
398,2014-10-04,SebraOpen2014,1,4,11.040000000000001
399,2014-10-04,SebraOpen2014,1,5,8.46
400,2014-10-04,SebraOpen2014,2,1,7.21
401,2014-10-04,SebraOpen2014,2,2,8.36
402,2014-10-04,SebraOpen2014,2,3,9.81
403,2014-10-04,SebraOpen2014,2,4,14.94
404,2014-10-04,SebraOpen2014,2,5,7.9
405,2014-10-04,SebraOpen2014,f,1,10.34
406,2014-10-04,SebraOpen2014,f,2,7.03
407,2014-10-04,SebraOpen2014,f,3,7.75
408,2014-10-04,SebraOpen2014,f,4,8.77
409,2014-10-04,SebraOpen2014,f,5,8.52
410,2014-11-08,MunichOpen2014,1,1,9.13
411,2014-11-08,MunichOpen2014,1,2,8.31
412,2014-11-08,MunichOpen2014,1,3,7.8
413,2014-11-08,MunichOpen2014,1,4,8.78
414,2014-11-08,MunichOpen2014,1,5,8.72
415,2014-11-08,MunichOpen2014,2,1,8.31
416,2014-11-08,MunichOpen2014,2,2,8.8
417,2014-11-08,MunichOpen2014,2,3,8.59
418,2014-11-08,MunichOpen2014,2,4,8.88
419,2014-11-08,MunichOpen2014,2,5,8.15
420,2014-11-08,MunichOpen2014,f,1,7.84
421,2014-11-08,MunichOpen2014,f,2,10.86
422,2014-11-08,MunichOpen2014,f,3,10.03
423,2014-11-08,MunichOpen2014,f,4,9.31
424,2014-11-08,MunichOpen2014,f,5,8.02
425,2015-02-21,HessenOpen2015,1,1,8.15
426,2015-02-21,HessenOpen2015,1,2,7.73
427,2015-02-21,HessenOpen2015,1,3,9.09
428,2015-02-21,HessenOpen2015,1,4,7.86
429,2015-02-21,HessenOpen2015,1,5,7.58
430,2015-02-21,HessenOpen2015,2,1,8.8
431,2015-02-21,HessenOpen2015,2,2,9.91
432,2015-02-21,HessenOpen2015,2,3,9.05
433,2015-02-21,HessenOpen2015,2,4,7.09
434,2015-02-21,HessenOpen2015,2,5,9.69
435,2015-02-21,HessenOpen2015,f,1,7.98
436,2015-02-21,HessenOpen2015,f,2,6.86
437,2015-02-21,HessenOpen2015,f,3,7.22
438,2015-02-21,HessenOpen2015,f,4,11.53
439,2015-02-21,HessenOpen2015,f,5,7.74
440,2015-04-18,GermanOpen2015,1,1,7.7
441,2015-04-18,GermanOpen2015,1,2,8.78
442,2015-04-18,GermanOpen2015,1,3,8.22
443,2015-04-18,GermanOpen2015,1,4,7.34
444,2015-04-18,GermanOpen2015,1,5,7.9
445,2015-04-18,GermanOpen2015,2,1,8.21
446,2015-04-18,GermanOpen2015,2,2,7.3500000000000005
447,2015-04-18,GermanOpen2015,2,3,7.18
448,2015-04-18,GermanOpen2015,2,4,10.75
449,2015-04-18,GermanOpen2015,2,5,8.08
450,2015-04-18,GermanOpen2015,f,1,10.13
451,2015-04-18,GermanOpen2015,f,2,7.0200000000000005
452,2015-04-18,GermanOpen2015,f,3,8.36
453,2015-04-18,GermanOpen2015,f,4,6.96
454,2015-04-18,GermanOpen2015,f,5,8.02
455,2015-06-06,VelbertOpen2015,1,1,9.02
456,2015-06-06,VelbertOpen2015,1,2,7.16
457,2015-06-06,VelbertOpen2015,1,3,9.59
458,2015-06-06,VelbertOpen2015,1,4,9.22
459,2015-06-06,VelbertOpen2015,1,5,8.56
460,2015-06-06,VelbertOpen2015,2,1,8.0
461,2015-06-06,VelbertOpen2015,2,2,8.13
462,2015-06-06,VelbertOpen2015,2,3,10.4
463,2015-06-06,VelbertOpen2015,2,4,6.44
464,2015-06-06,VelbertOpen2015,2,5,6.58
465,2015-06-06,VelbertOpen2015,f,1,7.91
466,2015-06-06,VelbertOpen2015,f,2,6.58
467,2015-06-06,VelbertOpen2015,f,3,8.41
468,2015-06-06,VelbertOpen2015,f,4,8.72
469,2015-06-06,VelbertOpen2015,f,5,9.52
470,2015-09-05,GermanNationals2015,1,1,7.0600000000000005
471,2015-09-05,GermanNationals2015,1,2,7.8100000000000005
472,2015-09-05,GermanNationals2015,1,3,8.31
473,2015-09-05,GermanNationals2015,1,4,10.88
474,2015-09-05,GermanNationals2015,1,5,8.61
475,2015-09-05,GermanNationals2015,2,1,7.44
476,2015-09-05,GermanNationals2015,2,2,9.4
477,2015-09-05,GermanNationals2015,2,3,7.33
478,2015-09-05,GermanNationals2015,2,4,8.03
479,2015-09-05,GermanNationals2015,2,5,8.88
480,2015-09-05,GermanNationals2015,f,1,8.06
481,2015-09-05,GermanNationals2015,f,2,6.61
482,2015-09-05,GermanNationals2015,f,3,8.34
483,2015-09-05,GermanNationals2015,f,4,8.91
484,2015-09-05,GermanNationals2015,f,5,11.03
485,2016-01-09,Cubelonia2016,1,1,7.36
486,2016-01-09,Cubelonia2016,1,2,6.47
487,2016-01-09,Cubelonia2016,1,3,8.61
488,2016-01-09,Cubelonia2016,1,4,8.97
489,2016-01-09,Cubelonia2016,1,5,9.22
490,2016-01-09,Cubelonia2016,2,1,8.91
491,2016-01-09,Cubelonia2016,2,2,8.02
492,2016-01-09,Cubelonia2016,2,3,8.47
493,2016-01-09,Cubelonia2016,2,4,7.8100000000000005
494,2016-01-09,Cubelonia2016,2,5,9.290000000000001
495,2016-01-09,Cubelonia2016,f,1,8.18
496,2016-01-09,Cubelonia2016,f,2,7.16
497,2016-01-09,Cubelonia2016,f,3,6.91
498,2016-01-09,Cubelonia2016,f,4,6.84
499,2016-01-09,Cubelonia2016,f,5,14.56
500,2016-01-30,FrankfurtCubeDays2016,1,1,10.08
501,2016-01-30,FrankfurtCubeDays2016,1,2,6.88
502,2016-01-30,FrankfurtCubeDays2016,1,3,9.39
503,2016-01-30,FrankfurtCubeDays2016,1,4,7.88
504,2016-01-30,FrankfurtCubeDays2016,1,5,7.4
505,2016-01-30,FrankfurtCubeDays2016,2,1,7.29
506,2016-01-30,FrankfurtCubeDays2016,2,2,7.8100000000000005
507,2016-01-30,FrankfurtCubeDays2016,2,3,8.46
508,2016-01-30,FrankfurtCubeDays2016,2,4,7.24
509,2016-01-30,FrankfurtCubeDays2016,2,5,11.02
510,2016-01-30,FrankfurtCubeDays2016,f,1,7.38
511,2016-01-30,FrankfurtCubeDays2016,f,2,6.71
512,2016-01-30,FrankfurtCubeDays2016,f,3,7.47
513,2016-01-30,FrankfurtCubeDays2016,f,4,8.05
514,2016-01-30,FrankfurtCubeDays2016,f,5,9.97
515,2016-04-09,GermanOpen2016,1,1,8.53
516,2016-04-09,GermanOpen2016,1,2,7.21
517,2016-04-09,GermanOpen2016,1,3,7.21
518,2016-04-09,GermanOpen2016,1,4,7.0
519,2016-04-09,GermanOpen2016,1,5,8.61
520,2016-04-09,GermanOpen2016,2,1,10.22
521,2016-04-09,GermanOpen2016,2,2,8.58
522,2016-04-09,GermanOpen2016,2,3,8.28
523,2016-04-09,GermanOpen2016,2,4,9.71
524,2016-04-09,GermanOpen2016,2,5,13.21
525,2016-04-09,GermanOpen2016,f,1,8.11
526,2016-04-09,GermanOpen2016,f,2,8.44
527,2016-04-09,GermanOpen2016,f,3,7.16
528,2016-04-09,GermanOpen2016,f,4,9.16
529,2016-04-09,GermanOpen2016,f,5,6.9
530,2016-07-15,Euro2016,1,1,9.32
531,2016-07-15,Euro2016,1,2,8.78
532,2016-07-15,Euro2016,1,3,7.28
533,2016-07-15,Euro2016,1,4,8.41
534,2016-07-15,Euro2016,1,5,6.0
535,2016-07-15,Euro2016,2,1,8.49
536,2016-07-15,Euro2016,2,2,9.700000000000001
537,2016-07-15,Euro2016,2,3,7.44
538,2016-07-15,Euro2016,2,4,10.32
539,2016-07-15,Euro2016,2,5,7.68
540,2016-07-15,Euro2016,3,1,7.69
541,2016-07-15,Euro2016,3,2,6.96
542,2016-07-15,Euro2016,3,3,8.370000000000001
543,2016-07-15,Euro2016,3,4,7.54
544,2016-07-15,Euro2016,3,5,8.540000000000001
545,2016-07-15,Euro2016,f,1,11.26
546,2016-07-15,Euro2016,f,2,7.34
547,2016-07-15,Euro2016,f,3,8.24
548,2016-07-15,Euro2016,f,4,7.91
549,2016-07-15,Euro2016,f,5,7.5
550,2016-08-13,TubingenOpen2016,1,1,7.07
551,2016-08-13,TubingenOpen2016,1,2,7.75
552,2016-08-13,TubingenOpen2016,1,3,8.56
553,2016-08-13,TubingenOpen2016,1,4,7.99
554,2016-08-13,TubingenOpen2016,1,5,7.8500000000000005
555,2016-08-13,TubingenOpen2016,2,1,9.17
556,2016-08-13,TubingenOpen2016,2,2,6.75
557,2016-08-13,TubingenOpen2016,2,3,7.7
558,2016-08-13,TubingenOpen2016,2,4,6.9
559,2016-08-13,TubingenOpen2016,2,5,8.66
560,2016-08-13,TubingenOpen2016,f,1,7.58
561,2016-08-13,TubingenOpen2016,f,2,7.62
562,2016-08-13,TubingenOpen2016,f,3,7.42
563,2016-08-13,TubingenOpen2016,f,4,7.9
564,2016-08-13,TubingenOpen2016,f,5,7.66
565,2016-10-07,GermanNationals2016,1,1,8.25
566,2016-10-07,GermanNationals2016,1,2,8.58
567,2016-10-07,GermanNationals2016,1,3,7.930000000000001
568,2016-10-07,GermanNationals2016,1,4,7.67
569,2016-10-07,GermanNationals2016,1,5,11.83
570,2016-10-07,GermanNationals2016,2,1,6.93
571,2016-10-07,GermanNationals2016,2,2,8.44
572,2016-10-07,GermanNationals2016,2,3,6.83
573,2016-10-07,GermanNationals2016,2,4,8.03
574,2016-10-07,GermanNationals2016,2,5,8.63
575,2016-10-07,GermanNationals2016,3,1,7.15
576,2016-10-07,GermanNationals2016,3,2,6.86
577,2016-10-07,GermanNationals2016,3,3,7.58
578,2016-10-07,GermanNationals2016,3,4,7.97
579,2016-10-07,GermanNationals2016,3,5,6.48
580,2016-10-07,GermanNationals2016,f,1,6.72
581,2016-10-07,GermanNationals2016,f,2,8.36
582,2016-10-07,GermanNationals2016,f,3,6.0600000000000005
583,2016-10-07,GermanNationals2016,f,4,8.91
584,2016-10-07,GermanNationals2016,f,5,7.08
585,2016-10-29,SebraOpen2016,1,1,8.290000000000001
586,2016-10-29,SebraOpen2016,1,2,9.55
587,2016-10-29,SebraOpen2016,1,3,8.94
588,2016-10-29,SebraOpen2016,1,4,9.27
589,2016-10-29,SebraOpen2016,1,5,8.42
590,2016-10-29,SebraOpen2016,2,1,9.22
591,2016-10-29,SebraOpen2016,2,2,13.02
592,2016-10-29,SebraOpen2016,2,3,7.88
593,2016-10-29,SebraOpen2016,2,4,7.55
594,2016-10-29,SebraOpen2016,2,5,7.63
595,2016-10-29,SebraOpen2016,f,1,7.47
596,2016-10-29,SebraOpen2016,f,2,8.24
597,2016-10-29,SebraOpen2016,f,3,5.62
598,2016-10-29,SebraOpen2016,f,4,7.63
599,2016-10-29,SebraOpen2016,f,5,7.23
600,2016-11-05,MunichOpen2016,1,1,8.05
601,2016-11-05,MunichOpen2016,1,2,8.75
602,2016-11-05,MunichOpen2016,1,3,12.94
603,2016-11-05,MunichOpen2016,1,4,7.03
604,2016-11-05,MunichOpen2016,1,5,9.33
605,2016-11-05,MunichOpen2016,2,1,8.11
606,2016-11-05,MunichOpen2016,2,2,6.99
607,2016-11-05,MunichOpen2016,2,3,6.19
608,2016-11-05,MunichOpen2016,2,4,9.27
609,2016-11-05,MunichOpen2016,2,5,7.5600000000000005
610,2016-11-05,MunichOpen2016,f,1,8.17
611,2016-11-05,MunichOpen2016,f,2,8.22
612,2016-11-05,MunichOpen2016,f,3,7.890000000000001
613,2016-11-05,MunichOpen2016,f,4,9.89
614,2016-11-05,MunichOpen2016,f,5,7.3500000000000005
615,2016-11-26,PSKubing2016,1,1,7.41
616,2016-11-26,PSKubing2016,1,2,7.97
617,2016-11-26,PSKubing2016,1,3,6.55
618,2016-11-26,PSKubing2016,1,4,6.61
619,2016-11-26,PSKubing2016,1,5,9.8
620,2016-11-26,PSKubing2016,2,1,8.13
621,2016-11-26,PSKubing2016,2,2,7.46
622,2016-11-26,PSKubing2016,2,3,7.63
623,2016-11-26,PSKubing2016,2,4,7.2700000000000005
624,2016-11-26,PSKubing2016,2,5,7.46
625,2016-11-26,PSKubing2016,f,1,6.22
626,2016-11-26,PSKubing2016,f,2,6.65
627,2016-11-26,PSKubing2016,f,3,7.7700000000000005
628,2016-11-26,PSKubing2016,f,4,8.21
629,2016-11-26,PSKubing2016,f,5,7.88
630,2017-01-06,Cubelonia2017,1,1,8.700000000000001
631,2017-01-06,Cubelonia2017,1,2,8.31
632,2017-01-06,Cubelonia2017,1,3,7.22
633,2017-01-06,Cubelonia2017,1,4,9.620000000000001
634,2017-01-06,Cubelonia2017,1,5,8.28
635,2017-01-06,Cubelonia2017,2,1,6.63
636,2017-01-06,Cubelonia2017,2,2,6.53
637,2017-01-06,Cubelonia2017,2,3,6.78
638,2017-01-06,Cubelonia2017,2,4,9.15
639,2017-01-06,Cubelonia2017,2,5,7.88
640,2017-01-06,Cubelonia2017,f,1,9.71
641,2017-01-06,Cubelonia2017,f,2,7.890000000000001
642,2017-01-06,Cubelonia2017,f,3,7.7700000000000005
643,2017-01-06,Cubelonia2017,f,4,7.55
644,2017-01-06,Cubelonia2017,f,5,6.7
645,2017-01-28,FrankfurtCubeDays2017,1,1,5.54
646,2017-01-28,FrankfurtCubeDays2017,1,2,9.03
647,2017-01-28,FrankfurtCubeDays2017,1,3,8.03
648,2017-01-28,FrankfurtCubeDays2017,1,4,7.03
649,2017-01-28,FrankfurtCubeDays2017,1,5,8.040000000000001
650,2017-01-28,FrankfurtCubeDays2017,2,1,7.76
651,2017-01-28,FrankfurtCubeDays2017,2,2,8.120000000000001
652,2017-01-28,FrankfurtCubeDays2017,2,3,5.99
653,2017-01-28,FrankfurtCubeDays2017,2,4,6.98
654,2017-01-28,FrankfurtCubeDays2017,2,5,7.74
655,2017-01-28,FrankfurtCubeDays2017,f,1,7.11
656,2017-01-28,FrankfurtCubeDays2017,f,2,7.46
657,2017-01-28,FrankfurtCubeDays2017,f,3,8.43
658,2017-01-28,FrankfurtCubeDays2017,f,4,7.58
659,2017-01-28,FrankfurtCubeDays2017,f,5,10.36
660,2017-04-29,GermanOpen2017,1,1,7.63
661,2017-04-29,GermanOpen2017,1,2,10.46
662,2017-04-29,GermanOpen2017,1,3,8.53
663,2017-04-29,GermanOpen2017,1,4,7.3100000000000005
664,2017-04-29,GermanOpen2017,1,5,7.43
665,2017-04-29,GermanOpen2017,2,1,7.84
666,2017-04-29,GermanOpen2017,2,2,10.08
667,2017-04-29,GermanOpen2017,2,3,7.73
668,2017-04-29,GermanOpen2017,2,4,7.24
669,2017-04-29,GermanOpen2017,2,5,7.88
670,2017-04-29,GermanOpen2017,f,1,6.72
671,2017-04-29,GermanOpen2017,f,2,8.22
672,2017-04-29,GermanOpen2017,f,3,7.38
673,2017-04-29,GermanOpen2017,f,4,8.05
674,2017-04-29,GermanOpen2017,f,5,9.81
675,2017-06-10,BerlinSummerDays2017,1,1,8.67
676,2017-06-10,BerlinSummerDays2017,1,2,7.82
677,2017-06-10,BerlinSummerDays2017,1,3,8.58
678,2017-06-10,BerlinSummerDays2017,1,4,7.86
679,2017-06-10,BerlinSummerDays2017,1,5,7.48
680,2017-06-10,BerlinSummerDays2017,2,1,8.540000000000001
681,2017-06-10,BerlinSummerDays2017,2,2,7.88
682,2017-06-10,BerlinSummerDays2017,2,3,7.05
683,2017-06-10,BerlinSummerDays2017,2,4,8.14
684,2017-06-10,BerlinSummerDays2017,2,5,7.07
685,2017-06-10,BerlinSummerDays2017,f,1,6.99
686,2017-06-10,BerlinSummerDays2017,f,2,6.09
687,2017-06-10,BerlinSummerDays2017,f,3,7.2700000000000005
688,2017-06-10,BerlinSummerDays2017,f,4,6.8
689,2017-06-10,BerlinSummerDays2017,f,5,9.92
690,2017-07-01,GermanBigCubeOpen2017,1,1,7.34
691,2017-07-01,GermanBigCubeOpen2017,1,2,8.53
692,2017-07-01,GermanBigCubeOpen2017,1,3,7.37
693,2017-07-01,GermanBigCubeOpen2017,1,4,7.78
694,2017-07-01,GermanBigCubeOpen2017,1,5,6.53
695,2017-07-01,GermanBigCubeOpen2017,2,1,9.540000000000001
696,2017-07-01,GermanBigCubeOpen2017,2,2,6.78
697,2017-07-01,GermanBigCubeOpen2017,2,3,7.25
698,2017-07-01,GermanBigCubeOpen2017,2,4,11.13
699,2017-07-01,GermanBigCubeOpen2017,2,5,7.3
700,2017-07-01,GermanBigCubeOpen2017,f,1,6.6000000000000005
701,2017-07-01,GermanBigCubeOpen2017,f,2,7.15
702,2017-07-01,GermanBigCubeOpen2017,f,3,8.21
703,2017-07-01,GermanBigCubeOpen2017,f,4,9.21
704,2017-07-01,GermanBigCubeOpen2017,f,5,7.390000000000001
705,2017-07-08,LondonOpen2017,1,1,6.19
706,2017-07-08,LondonOpen2017,1,2,7.58
707,2017-07-08,LondonOpen2017,1,3,8.15
708,2017-07-08,LondonOpen2017,1,4,7.09
709,2017-07-08,LondonOpen2017,1,5,10.51
710,2017-07-08,LondonOpen2017,2,1,7.7
711,2017-07-08,LondonOpen2017,2,2,6.92
712,2017-07-08,LondonOpen2017,2,3,7.97
713,2017-07-08,LondonOpen2017,2,4,8.26
714,2017-07-08,LondonOpen2017,2,5,7.66
715,2017-07-08,LondonOpen2017,f,1,7.79
716,2017-07-08,LondonOpen2017,f,2,8.81
717,2017-07-08,LondonOpen2017,f,3,6.33
718,2017-07-08,LondonOpen2017,f,4,6.76
719,2017-07-08,LondonOpen2017,f,5,6.8500000000000005
720,2017-07-13,WC2017,1,1,7.0
721,2017-07-13,WC2017,1,2,7.38
722,2017-07-13,WC2017,1,3,7.24
723,2017-07-13,WC2017,1,4,7.25
724,2017-07-13,WC2017,1,5,7.92
725,2017-07-13,WC2017,2,1,6.23
726,2017-07-13,WC2017,2,2,7.390000000000001
727,2017-07-13,WC2017,2,3,6.7
728,2017-07-13,WC2017,2,4,8.06
729,2017-07-13,WC2017,2,5,8.2
730,2017-07-13,WC2017,3,1,6.91
731,2017-07-13,WC2017,3,2,9.870000000000001
732,2017-07-13,WC2017,3,3,8.52
733,2017-07-13,WC2017,3,4,8.540000000000001
734,2017-07-13,WC2017,3,5,8.700000000000001
735,2017-09-01,GermanNationals2017,1,1,6.69
736,2017-09-01,GermanNationals2017,1,2,8.05
737,2017-09-01,GermanNationals2017,1,3,6.51
738,2017-09-01,GermanNationals2017,1,4,9.17
739,2017-09-01,GermanNationals2017,1,5,7.63
740,2017-09-01,GermanNationals2017,2,1,5.28
741,2017-09-01,GermanNationals2017,2,2,6.96
742,2017-09-01,GermanNationals2017,2,3,7.930000000000001
743,2017-09-01,GermanNationals2017,2,4,9.52
744,2017-09-01,GermanNationals2017,2,5,7.930000000000001
745,2017-09-01,GermanNationals2017,3,1,8.0
746,2017-09-01,GermanNationals2017,3,2,6.79
747,2017-09-01,GermanNationals2017,3,3,7.51
748,2017-09-01,GermanNationals2017,3,4,7.41
749,2017-09-01,GermanNationals2017,3,5,7.05
750,2017-09-01,GermanNationals2017,f,1,5.05
751,2017-09-01,GermanNationals2017,f,2,6.51
752,2017-09-01,GermanNationals2017,f,3,8.56
753,2017-09-01,GermanNationals2017,f,4,9.370000000000001
754,2017-09-01,GermanNationals2017,f,5,8.15
755,2017-09-16,MonnemCityCubing2017,1,1,8.0
756,2017-09-16,MonnemCityCubing2017,1,2,6.28
757,2017-09-16,MonnemCityCubing2017,1,3,6.72
758,2017-09-16,MonnemCityCubing2017,1,4,7.05
759,2017-09-16,MonnemCityCubing2017,1,5,8.24
760,2017-09-16,MonnemCityCubing2017,2,1,7.91
761,2017-09-16,MonnemCityCubing2017,2,2,6.37
762,2017-09-16,MonnemCityCubing2017,2,3,7.07
763,2017-09-16,MonnemCityCubing2017,2,4,6.25
764,2017-09-16,MonnemCityCubing2017,2,5,8.43
765,2017-09-16,MonnemCityCubing2017,f,1,8.75
766,2017-09-16,MonnemCityCubing2017,f,2,8.24
767,2017-09-16,MonnemCityCubing2017,f,3,9.14
768,2017-09-16,MonnemCityCubing2017,f,4,6.95
769,2017-09-16,MonnemCityCubing2017,f,5,9.97
770,2017-10-27,UKChampionship2017,1,1,7.16
771,2017-10-27,UKChampionship2017,1,2,6.8
772,2017-10-27,UKChampionship2017,1,3,10.120000000000001
773,2017-10-27,UKChampionship2017,1,4,7.16
774,2017-10-27,UKChampionship2017,1,5,6.69
775,2017-10-27,UKChampionship2017,2,1,7.22
776,2017-10-27,UKChampionship2017,2,2,7.23
777,2017-10-27,UKChampionship2017,2,3,6.6000000000000005
778,2017-10-27,UKChampionship2017,2,4,7.28
779,2017-10-27,UKChampionship2017,2,5,7.44
780,2017-10-27,UKChampionship2017,3,1,7.4
781,2017-10-27,UKChampionship2017,3,2,6.29
782,2017-10-27,UKChampionship2017,3,3,7.79
783,2017-10-27,UKChampionship2017,3,4,7.05
784,2017-10-27,UKChampionship2017,3,5,6.57
785,2017-10-27,UKChampionship2017,f,1,8.76
786,2017-10-27,UKChampionship2017,f,2,7.9
787,2017-10-27,UKChampionship2017,f,3,9.68
788,2017-10-27,UKChampionship2017,f,4,7.37
789,2017-10-27,UKChampionship2017,f,5,6.8500000000000005
790,2017-11-04,MunichOpen2017,1,1,7.22
791,2017-11-04,MunichOpen2017,1,2,9.63
792,2017-11-04,MunichOpen2017,1,3,7.72
793,2017-11-04,MunichOpen2017,1,4,8.61
794,2017-11-04,MunichOpen2017,1,5,7.44
795,2017-11-04,MunichOpen2017,2,1,6.4
796,2017-11-04,MunichOpen2017,2,2,7.78
797,2017-11-04,MunichOpen2017,2,3,6.62
798,2017-11-04,MunichOpen2017,2,4,8.67
799,2017-11-04,MunichOpen2017,2,5,7.95
800,2017-11-04,MunichOpen2017,3,1,8.74
801,2017-11-04,MunichOpen2017,3,2,7.68
802,2017-11-04,MunichOpen2017,3,3,7.18
803,2017-11-04,MunichOpen2017,3,4,9.23
804,2017-11-04,MunichOpen2017,3,5,7.41
805,2017-11-04,MunichOpen2017,f,1,7.25
806,2017-11-04,MunichOpen2017,f,2,7.38
807,2017-11-04,MunichOpen2017,f,3,7.86
808,2017-11-04,MunichOpen2017,f,4,9.94
809,2017-11-04,MunichOpen2017,f,5,8.52
810,2017-11-18,PSKubing2017,1,1,8.15
811,2017-11-18,PSKubing2017,1,2,7.0
812,2017-11-18,PSKubing2017,1,3,7.44
813,2017-11-18,PSKubing2017,1,4,6.91
814,2017-11-18,PSKubing2017,1,5,7.87
815,2017-11-18,PSKubing2017,2,1,7.22
816,2017-11-18,PSKubing2017,2,2,7.68
817,2017-11-18,PSKubing2017,2,3,7.47
818,2017-11-18,PSKubing2017,2,4,7.5600000000000005
819,2017-11-18,PSKubing2017,2,5,8.94
820,2017-11-18,PSKubing2017,f,1,7.65
821,2017-11-18,PSKubing2017,f,2,6.8100000000000005
822,2017-11-18,PSKubing2017,f,3,8.21
823,2017-11-18,PSKubing2017,f,4,7.63
824,2017-11-18,PSKubing2017,f,5,7.16
825,2017-11-25,WSMO2017,1,1,6.65
826,2017-11-25,WSMO2017,1,2,6.76
827,2017-11-25,WSMO2017,1,3,7.05
828,2017-11-25,WSMO2017,1,4,8.59
829,2017-11-25,WSMO2017,1,5,6.25
830,2017-11-25,WSMO2017,2,1,8.02
831,2017-11-25,WSMO2017,2,2,7.0
832,2017-11-25,WSMO2017,2,3,8.56
833,2017-11-25,WSMO2017,2,4,7.55
834,2017-11-25,WSMO2017,2,5,8.53
835,2017-11-25,WSMO2017,f,1,6.390000000000001
836,2017-11-25,WSMO2017,f,2,7.96
837,2017-11-25,WSMO2017,f,3,7.22
838,2017-11-25,WSMO2017,f,4,5.99
839,2017-11-25,WSMO2017,f,5,7.0600000000000005
840,2017-12-02,BerlinKubusProjekt2017,1,1,7.29
841,2017-12-02,BerlinKubusProjekt2017,1,2,6.78
842,2017-12-02,BerlinKubusProjekt2017,1,3,10.14
843,2017-12-02,BerlinKubusProjekt2017,1,4,6.8
844,2017-12-02,BerlinKubusProjekt2017,1,5,7.76
845,2017-12-02,BerlinKubusProjekt2017,2,1,9.89
846,2017-12-02,BerlinKubusProjekt2017,2,2,5.7
847,2017-12-02,BerlinKubusProjekt2017,2,3,6.140000000000001
848,2017-12-02,BerlinKubusProjekt2017,2,4,6.72
849,2017-12-02,BerlinKubusProjekt2017,2,5,7.98
850,2017-12-02,BerlinKubusProjekt2017,f,1,6.890000000000001
851,2017-12-02,BerlinKubusProjekt2017,f,2,6.7700000000000005
852,2017-12-02,BerlinKubusProjekt2017,f,3,6.640000000000001
853,2017-12-02,BerlinKubusProjekt2017,f,4,6.3100000000000005
854,2017-12-02,BerlinKubusProjekt2017,f,5,8.55
855,2018-01-13,LiechtensteinOpen2018,1,1,7.08
856,2018-01-13,LiechtensteinOpen2018,1,2,8.07
857,2018-01-13,LiechtensteinOpen2018,1,3,7.44
858,2018-01-13,LiechtensteinOpen2018,1,4,7.78
859,2018-01-13,LiechtensteinOpen2018,1,5,7.5200000000000005
860,2018-01-13,LiechtensteinOpen2018,2,1,6.65
861,2018-01-13,LiechtensteinOpen2018,2,2,10.32
862,2018-01-13,LiechtensteinOpen2018,2,3,6.82
863,2018-01-13,LiechtensteinOpen2018,2,4,7.19
864,2018-01-13,LiechtensteinOpen2018,2,5,7.16
865,2018-01-13,LiechtensteinOpen2018,f,1,8.01
866,2018-01-13,LiechtensteinOpen2018,f,2,7.08
867,2018-01-13,LiechtensteinOpen2018,f,3,7.3500000000000005
868,2018-01-13,LiechtensteinOpen2018,f,4,7.34
869,2018-01-13,LiechtensteinOpen2018,f,5,7.2700000000000005
870,2018-02-10,FrankfurtCubeDays2018,1,1,7.12
871,2018-02-10,FrankfurtCubeDays2018,1,2,6.61
872,2018-02-10,FrankfurtCubeDays2018,1,3,6.93
873,2018-02-10,FrankfurtCubeDays2018,1,4,7.13
874,2018-02-10,FrankfurtCubeDays2018,1,5,8.19
875,2018-02-10,FrankfurtCubeDays2018,2,1,7.4
876,2018-02-10,FrankfurtCubeDays2018,2,2,7.23
877,2018-02-10,FrankfurtCubeDays2018,2,3,6.76
878,2018-02-10,FrankfurtCubeDays2018,2,4,9.41
879,2018-02-10,FrankfurtCubeDays2018,2,5,8.77
880,2018-02-10,FrankfurtCubeDays2018,f,1,6.69
881,2018-02-10,FrankfurtCubeDays2018,f,2,6.8
882,2018-02-10,FrankfurtCubeDays2018,f,3,8.9
883,2018-02-10,FrankfurtCubeDays2018,f,4,6.67
884,2018-02-10,FrankfurtCubeDays2018,f,5,8.13
885,2018-02-17,ManchesterOpen2018,1,1,8.14
886,2018-02-17,ManchesterOpen2018,1,2,7.640000000000001
887,2018-02-17,ManchesterOpen2018,1,3,7.59
888,2018-02-17,ManchesterOpen2018,1,4,7.2
889,2018-02-17,ManchesterOpen2018,1,5,8.39
890,2018-02-17,ManchesterOpen2018,2,1,6.55
891,2018-02-17,ManchesterOpen2018,2,2,7.4
892,2018-02-17,ManchesterOpen2018,2,3,7.07
893,2018-02-17,ManchesterOpen2018,2,4,7.43
894,2018-02-17,ManchesterOpen2018,2,5,6.66
895,2018-02-17,ManchesterOpen2018,f,1,7.86
896,2018-02-17,ManchesterOpen2018,f,2,6.33
897,2018-02-17,ManchesterOpen2018,f,3,7.43
898,2018-02-17,ManchesterOpen2018,f,4,6.21
899,2018-02-17,ManchesterOpen2018,f,5,8.9
